{"706.174": 2, "703.224": 1, "614.353": 1, "580.3439999999999": 1, "509.08799999999997": 1, "475.0879": 1, "441.0879": 1, "397.0879": 1, "205.8379": 1, "137.8379": 1, "90.5879": 1, "483.0879": 1, "403.0879": 1, "384.8379": 1, "316.8379": 1, "285.3379": 1, "202.0879": 1, "180.0879": 1, "158.0879": 1, "42.373": 1, "773.032": 1, "773.0319": 2, "659.6863": 1, "628.1863": 1, "611.1863": 1, "510.18629999999996": 1, "478.68629999999996": 1, "347.43629999999996": 1, "313.43629999999996": 1, "279.43629999999996": 1, "245.43629999999996": 1, "153.4363": 1, "121.9363": 1, "672.4363": 1, "650.4363": 1, "606.4363": 1, "591.4363": 1, "574.4363": 1, "532.1863": 1, "450.18629999999996": 1, "418.68629999999996": 1, "400.43629999999996": 1, "320.43629999999996": 1, "288.93629999999996": 1, "270.68629999999996": 1, "238.68629999999996": 1, "179.4363": 1, "157.4363": 1, "135.4363": 1, "773.03186": 438, "729.68632": 1, "731.68632": 16, "659.68632": 12, "553.68632": 8, "531.68632": 11, "449.68632": 9, "403.68632": 8, "381.68632": 6, "179.68632000000002": 5, "157.68632000000002": 11, "63.68632000000004": 25, "709.68632": 1, "675.68632": 2, "653.68632": 1, "499.68632": 10, "477.68632": 6, "371.68632": 6, "349.68632": 5, "111.68632000000004": 4, "89.68632000000004": 4, "647.68632": 7, "625.68632": 11, "579.68632": 8, "461.68632": 6, "439.68632": 5, "309.68632": 3, "287.68632": 5, "85.68632000000004": 6, "575.68632": 2, "495.68632": 5, "369.68632": 3, "275.68632": 6, "229.68632000000002": 3, "207.68632000000002": 4, "65.68632000000004": 24, "671.68632": 14, "481.68632": 5, "171.68632000000002": 4, "149.68632000000002": 5, "67.68632000000004": 16, "611.68632": 6, "589.68632": 7, "413.68632": 6, "379.68632": 3, "261.68632": 6, "239.68632000000002": 7, "61.68632000000004": 18, "567.68632": 15, "563.68632": 2, "533.68632": 7, "529.68632": 6, "319.68632": 10, "297.68632": 7, "95.68632000000004": 7, "471.68632": 7, "367.68632": 9, "321.68632": 4, "191.68632000000002": 6, "695.68632": 10, "673.68632": 12, "519.68632": 11, "427.68632": 10, "249.68632000000002": 6, "227.68632000000002": 5, "683.68632": 17, "661.68632": 12, "435.68632": 3, "283.68632": 4, "215.68632000000002": 7, "181.68632000000002": 3, "75.68632000000004": 4, "637.68632": 15, "603.68632": 8, "521.68632": 9, "405.68632": 5, "359.68632": 7, "337.68632": 5, "255.68632000000002": 5, "233.68632000000002": 6, "163.68632000000002": 6, "129.68632000000002": 5, "83.68632000000004": 2, "569.68632": 5, "535.68632": 1, "357.68632": 6, "193.68632000000002": 6, "451.68632": 5, "429.68632": 3, "217.68632000000002": 6, "87.68632000000004": 4, "485.68632": 9, "295.68632": 8, "273.68632": 10, "565.68632": 4, "333.68632": 7, "299.68632": 4, "265.68632": 8, "185.68632000000002": 3, "103.68632000000004": 3, "69.68632000000004": 18, "507.68632": 9, "237.68632000000002": 6, "707.68632": 22, "685.68632": 24, "639.68632": 6, "581.68632": 6, "559.68632": 5, "441.68632": 3, "253.68632000000002": 4, "411.68632": 7, "389.68632": 6, "175.68632000000002": 7, "153.68632000000002": 6, "719.68632": 44, "341.68632": 8, "71.68632000000004": 6, "697.68632": 12, "447.68632": 5, "425.68632": 10, "355.68632": 7, "131.68632000000002": 2, "73.68632000000004": 9, "141.68632000000002": 6, "119.68632000000004": 4, "613.68632": 7, "591.68632": 10, "177.68632000000002": 3, "59.68632000000004": 24, "543.68632": 7, "463.68632": 8, "251.68632000000002": 5, "159.68632000000002": 5, "113.68632000000004": 2, "577.68632": 6, "169.68632000000002": 5, "123.68632000000004": 7, "101.68632000000004": 7, "555.68632": 5, "395.68632": 3, "373.68632": 2, "243.68632000000002": 3, "161.68632000000002": 2, "139.68632000000002": 3, "627.68632": 6, "593.68632": 5, "525.68632": 2, "491.68632": 4, "433.68632": 4, "307.68632": 5, "99.68632000000004": 6, "77.68632000000004": 4, "649.68632": 13, "505.68632": 1, "399.68632": 4, "377.68632": 3, "545.68632": 9, "523.68632": 3, "335.68632": 3, "277.68632": 2, "117.68632000000004": 3, "651.68632": 4, "571.68632": 2, "513.68632": 2, "445.68632": 4, "423.68632": 9, "317.68632": 4, "155.68632000000002": 2, "623.68632": 6, "601.68632": 10, "475.68632": 8, "453.68632": 6, "407.68632": 2, "385.68632": 2, "339.68632": 3, "259.68632": 6, "225.68632000000002": 3, "167.68632000000002": 6, "635.68632": 12, "641.68632": 1, "619.68632": 1, "511.68632": 4, "585.68632": 1, "503.68632": 1, "455.68632": 2, "315.68632": 7, "281.68632": 5, "107.68632000000004": 3, "353.68632": 6, "479.68632": 3, "421.68632": 1, "375.68632": 5, "189.68632000000002": 5, "347.68632": 3, "325.68632": 4, "231.68632000000002": 5, "209.68632000000002": 6, "151.68632000000002": 2, "473.68632": 1, "417.68632": 6, "351.68632": 1, "293.68632": 3, "271.68632": 3, "147.68632000000002": 3, "487.68632": 2, "383.68632": 8, "219.68632000000002": 5, "520.11015": 1, "588.11015": 1, "566.11015": 1, "498.11015": 1, "452.11015000000003": 1, "406.11015000000003": 1, "384.11015000000003": 1, "326.11015000000003": 1, "304.11015000000003": 2, "210.11014999999998": 1, "164.11014999999998": 1, "58.11014999999999": 2, "415.68632": 8, "109.68632000000004": 3, "313.68632": 2, "221.68632000000002": 4, "187.68632000000002": 2, "81.68632000000004": 8, "401.68632": 5, "311.68632": 4, "291.68632": 3, "289.68632": 3, "509.68632": 10, "557.68632": 6, "361.68632": 2, "501.68632": 3, "279.68632": 3, "145.68632000000002": 2, "605.68632": 4, "419.68632": 2, "303.68632": 3, "197.68632000000002": 4, "615.68632": 9, "267.68632": 2, "245.68632000000002": 1, "497.68632": 7, "331.68632": 5, "241.68632000000002": 3, "127.68632000000004": 4, "393.68632": 7, "301.68632": 2, "105.68632000000004": 3, "459.68632": 6, "437.68632": 5, "223.68632000000002": 3, "201.68632000000002": 2, "97.68632000000004": 2, "489.68632": 1, "247.68632000000002": 4, "165.68632000000002": 3, "143.68632000000002": 3, "584.35298": 1, "562.35298": 1, "360.35298": 1, "338.35298": 1, "124.35294999999998": 1, "102.35294999999998": 1, "68.35294999999998": 1, "517.68632": 7, "327.68632": 1, "211.68632000000002": 5, "365.68632": 4, "343.68632": 5, "137.68632000000002": 3, "115.68632000000004": 4, "397.68632": 2, "79.68632000000004": 2, "329.68632": 3, "443.68632": 2, "409.68632": 3, "213.68632000000002": 3, "345.68632": 4, "257.68632": 4, "235.68632000000002": 4, "263.68632": 2, "183.68632000000002": 1, "599.68632": 2, "457.68632": 2, "125.68632000000004": 2, "493.68632": 2, "203.68632000000002": 4, "323.68632": 3, "539.68632": 1, "483.68632": 2, "515.68632": 2, "195.68632000000002": 1, "173.68632000000002": 1, "391.68632": 1, "121.68632000000004": 6, "285.68632": 3, "205.68632000000002": 2, "305.68632": 1, "587.68632": 1, "527.68632": 1, "469.68632": 2, "541.68632": 3, "68.10832000000003": 1, "387.68632": 2, "135.68632000000002": 1, "93.68632000000004": 4, "363.68632": 3, "408.68632": 1, "314.68632": 1, "136.68632000000002": 1, "114.68632000000004": 1, "68.68632000000004": 2, "370.53398": 1, "348.53398": 1, "168.95780000000002": 1, "146.95780000000002": 1, "64.95780000000003": 1, "431.68632": 2, "300.11015000000003": 2, "278.11015000000003": 2, "158.53398000000004": 1, "76.53398000000006": 1, "133.68632000000002": 2, "222.53398000000004": 1, "89.38162999999999": 1, "617.68632": 1, "537.68632": 1, "342.11015000000003": 1, "174.53398000000004": 1, "68.53398000000006": 2, "670.10832": 1, "372.11015000000003": 1, "290.11015000000003": 2, "64.11014999999999": 1, "270.11015000000003": 1, "186.53398000000004": 1, "152.53398000000004": 1, "106.53398000000006": 1, "60.53398000000006": 1, "450.11015000000003": 1, "428.11015000000003": 1, "394.11015000000003": 1, "360.11015000000003": 1, "244.11015000000003": 1, "136.53398000000004": 1, "102.53398000000006": 1, "694.11015": 1, "672.11015": 1, "602.11015": 1, "556.11015": 1, "534.11015": 1, "500.11015": 1, "454.11015000000003": 1, "312.11015000000003": 1, "256.11015000000003": 1, "162.11014999999998": 1, "128.11014999999998": 1, "146.11014999999998": 1, "62.53398000000006": 1, "682.11015": 1, "540.11015": 1,