{"715.174": 2, "721.224": 1, "634.353": 1, "602.3439999999999": 1, "519.088": 1, "497.08799999999997": 1, "463.0879": 1, "419.0879": 1, "383.8379": 1, "183.8379": 1, "124.5879": 1, "529.088": 1, "461.0879": 1, "394.8379": 1, "362.8379": 1, "307.3379": 1, "272.0879": 1, "190.0879": 1, "168.0879": 1, "69.57300000000001": 1, "782.032": 2, "782.0319": 1, "741.6863": 1, "650.1863": 1, "621.1863": 1, "604.1863": 1, "500.68629999999996": 1, "465.43629999999996": 1, "335.43629999999996": 1, "301.43629999999996": 1, "267.43629999999996": 1, "223.43630000000002": 1, "143.93630000000002": 1, "730.436": 1, "660.4363": 1, "628.4363": 1, "601.4363": 1, "584.4363": 1, "554.1863": 1, "496.18629999999996": 1, "440.68629999999996": 1, "410.43629999999996": 1, "378.43629999999996": 1, "310.93629999999996": 1, "280.68629999999996": 1, "248.68629999999996": 1, "225.43630000000002": 1, "167.43630000000002": 1, "145.43630000000002": 1, "782.03186": 438, "739.68632": 1, "741.68632": 185, "717.68632": 1, "647.68632": 13, "541.68632": 8, "519.68632": 11, "437.68632": 9, "391.68632": 8, "369.68632": 6, "167.68632000000002": 5, "145.68632000000002": 11, "719.68632": 16, "697.68632": 1, "663.68632": 2, "641.68632": 1, "487.68632": 10, "465.68632": 6, "359.68632": 6, "337.68632": 5, "99.68632000000004": 4, "635.68632": 7, "613.68632": 11, "567.68632": 8, "449.68632": 6, "427.68632": 5, "297.68632": 3, "275.68632": 5, "73.68632000000004": 4, "563.68632": 2, "483.68632": 5, "357.68632": 3, "263.68632": 6, "217.68632000000002": 3, "195.68632000000002": 4, "659.68632": 14, "469.68632": 5, "159.68632000000002": 4, "137.68632000000002": 5, "599.68632": 6, "577.68632": 7, "401.68632": 6, "367.68632": 3, "249.68632000000002": 6, "227.68632000000002": 9, "555.68632": 15, "551.68632": 2, "521.68632": 7, "307.68632": 9, "285.68632": 7, "83.68632000000004": 6, "517.68632": 6, "459.68632": 7, "355.68632": 9, "309.68632": 4, "179.68632000000002": 6, "683.68632": 10, "661.68632": 12, "507.68632": 11, "415.68632": 10, "237.68632000000002": 6, "215.68632000000002": 5, "671.68632": 17, "649.68632": 12, "423.68632": 3, "271.68632": 4, "203.68632000000002": 7, "169.68632000000002": 3, "625.68632": 14, "591.68632": 8, "509.68632": 9, "393.68632": 5, "347.68632": 6, "325.68632": 5, "243.68632000000002": 5, "221.68632000000002": 6, "151.68632000000002": 6, "117.68632000000004": 5, "557.68632": 5, "523.68632": 1, "345.68632": 6, "181.68632000000002": 6, "439.68632": 5, "417.68632": 3, "205.68632000000002": 4, "75.68632000000004": 1, "473.68632": 9, "283.68632": 8, "261.68632": 10, "553.68632": 4, "321.68632": 7, "287.68632": 4, "253.68632000000002": 8, "173.68632000000002": 3, "91.68632000000004": 3, "495.68632": 9, "225.68632000000002": 6, "695.68632": 22, "627.68632": 6, "569.68632": 6, "547.68632": 5, "429.68632": 3, "241.68632000000002": 4, "673.68632": 24, "399.68632": 7, "377.68632": 6, "163.68632000000002": 7, "707.68632": 44, "329.68632": 8, "141.68632000000002": 6, "685.68632": 12, "435.68632": 5, "413.68632": 10, "343.68632": 7, "119.68632000000004": 2, "129.68632000000002": 6, "107.68632000000004": 4, "601.68632": 7, "579.68632": 10, "165.68632000000002": 3, "531.68632": 7, "451.68632": 7, "239.68632000000002": 5, "147.68632000000002": 5, "101.68632000000004": 2, "565.68632": 6, "157.68632000000002": 5, "111.68632000000004": 7, "89.68632000000004": 6, "543.68632": 5, "383.68632": 3, "361.68632": 2, "231.68632000000002": 3, "149.68632000000002": 2, "127.68632000000004": 3, "615.68632": 6, "581.68632": 5, "513.68632": 2, "479.68632": 4, "421.68632": 4, "295.68632": 5, "87.68632000000004": 6, "637.68632": 13, "493.68632": 1, "387.68632": 4, "365.68632": 3, "533.68632": 9, "511.68632": 3, "323.68632": 3, "265.68632": 2, "105.68632000000004": 3, "639.68632": 4, "559.68632": 2, "501.68632": 2, "433.68632": 4, "411.68632": 9, "305.68632": 4, "143.68632000000002": 2, "611.68632": 6, "589.68632": 10, "463.68632": 8, "441.68632": 6, "395.68632": 2, "373.68632": 2, "327.68632": 3, "247.68632000000002": 6, "213.68632000000002": 3, "155.68632000000002": 6, "623.68632": 12, "629.68632": 1, "607.68632": 1, "573.68632": 1, "499.68632": 4, "491.68632": 1, "443.68632": 2, "303.68632": 7, "269.68632": 5, "95.68632000000004": 3, "341.68632": 6, "467.68632": 3, "409.68632": 1, "363.68632": 5, "177.68632000000002": 5, "335.68632": 3, "313.68632": 4, "219.68632000000002": 5, "197.68632000000002": 6, "139.68632000000002": 2, "461.68632": 1, "405.68632": 6, "339.68632": 1, "281.68632": 3, "259.68632": 3, "135.68632000000002": 3, "475.68632": 2, "371.68632": 8, "207.68632000000002": 5, "554.11015": 1, "576.11015": 1, "508.11015": 1, "486.11015000000003": 1, "440.11015000000003": 1, "394.11015000000003": 1, "372.11015000000003": 1, "314.11015000000003": 1, "292.11015000000003": 2, "198.11014999999998": 1, "152.11014999999998": 1, "403.68632": 8, "97.68632000000004": 3, "279.68632": 3, "209.68632000000002": 4, "175.68632000000002": 2, "69.68632000000004": 2, "389.68632": 5, "277.68632": 3, "301.68632": 2, "299.68632": 4, "497.68632": 9, "545.68632": 6, "349.68632": 2, "489.68632": 3, "267.68632": 3, "133.68632000000002": 2, "593.68632": 4, "407.68632": 2, "291.68632": 3, "185.68632000000002": 4, "603.68632": 9, "255.68632000000002": 2, "233.68632000000002": 1, "485.68632": 7, "319.68632": 5, "229.68632000000002": 3, "115.68632000000004": 4, "381.68632": 7, "289.68632": 2, "93.68632000000004": 3, "447.68632": 6, "425.68632": 5, "211.68632000000002": 3, "189.68632000000002": 2, "85.68632000000004": 2, "477.68632": 1, "235.68632000000002": 4, "153.68632000000002": 3, "131.68632000000002": 3, "572.35298": 1, "550.35298": 1, "348.35298": 1, "326.35298": 1, "112.35294999999998": 1, "90.35294999999998": 1, "505.68632": 7, "315.68632": 1, "199.68632000000002": 5, "353.68632": 4, "331.68632": 5, "125.68632000000004": 3, "103.68632000000004": 4, "385.68632": 2, "317.68632": 3, "431.68632": 2, "397.68632": 3, "201.68632000000002": 3, "333.68632": 4, "245.68632000000002": 4, "223.68632000000002": 4, "251.68632000000002": 2, "171.68632000000002": 1, "587.68632": 2, "445.68632": 2, "113.68632000000004": 2, "481.68632": 2, "191.68632000000002": 4, "311.68632": 3, "527.68632": 1, "471.68632": 2, "503.68632": 2, "183.68632000000002": 1, "161.68632000000002": 1, "379.68632": 1, "109.68632000000004": 6, "273.68632": 3, "193.68632000000002": 2, "293.68632": 1, "575.68632": 1, "515.68632": 1, "457.68632": 2, "529.68632": 3, "375.68632": 2, "123.68632000000004": 1, "81.68632000000004": 4, "351.68632": 3, "502.68632": 1, "396.68632": 1, "302.68632": 1, "124.68632000000004": 1, "102.68632000000004": 1, "358.53398": 1, "336.53398": 1, "156.95780000000002": 1, "134.95780000000002": 1, "419.68632": 2, "288.11015000000003": 2, "266.11015000000003": 2, "146.53398000000004": 1, "121.68632000000004": 2, "210.53398000000004": 1, "605.68632": 1, "525.68632": 1, "330.11015000000003": 1, "162.53398000000004": 1, "658.11015": 1, "360.11015000000003": 1, "278.11015000000003": 2, "258.11015000000003": 1, "174.53398000000004": 1, "140.53398000000004": 1, "94.53398000000006": 1, "438.11015000000003": 1, "416.11015000000003": 1, "382.11015000000003": 1, "348.11015000000003": 1, "232.11014999999998": 1, "124.53398000000006": 1, "90.53398000000006": 1, "682.11015": 1, "660.11015": 1, "590.11015": 1, "544.11015": 1, "522.11015": 1, "488.11015000000003": 1, "442.11015000000003": 1, "300.11015000000003": 1, "244.11015000000003": 1, "150.11014999999998": 1, "116.11014999999999": 1, "134.11014999999998": 1, "670.11015": 1, "528.11015": 1, "470.11015000000003": 1, "268.11015000000003": 1, "162.11014999999998": 1, "651.68632": 1, "456.68632": 1, "434.68632": 1, "316.68632": 1, "90.68632000000004": 1, "781.8586300000001": 3, "782.35954": 3, "788.3650200000001": 3}